{"cameraMode":{"drawMode":0,"name":"Shaded","section":"Shading Mode"},"sceneLighting":true,"audioPlay":false,"sceneViewState":{"showFog":true,"showMaterialUpdate":false,"showSkybox":true,"showFlares":true,"showImageEffects":true,"showParticleSystems":true},"in2DMode":false,"pivot":{"x":-0.3199999928474426,"y":7.989999771118164,"z":-0.8454999923706055},"rotation":{"x":-0.041162051260471347,"y":-0.655947208404541,"z":-0.03582008183002472,"w":0.7528705596923828},"size":8.634979248046875,"orthographic":false}