{"cameraMode":{"drawMode":0,"name":"Shaded","section":"Shading Mode"},"sceneLighting":false,"audioPlay":false,"sceneViewState":{"showFog":true,"showMaterialUpdate":false,"showSkybox":false,"showFlares":true,"showImageEffects":true,"showParticleSystems":true},"in2DMode":false,"pivot":{"x":-0.5499999523162842,"y":14.555000305175782,"z":-1.4500000476837159},"rotation":{"x":0.2453201413154602,"y":0.2015189230442047,"z":-0.05218734219670296,"w":0.9468584656715393},"size":1.061084508895874,"orthographic":false}